cohort_month,months_since_signup,customers_retained,cohort_size,retention_pct
2021-01-01,0,141,141,100.0
2021-01-01,1,141,141,100.0
2021-01-01,2,141,141,100.0
2021-01-01,3,139,141,98.58
2021-01-01,4,136,141,96.45
2021-01-01,5,131,141,92.91
2021-01-01,6,124,141,87.94
2021-01-01,7,122,141,86.52
2021-01-01,8,118,141,83.69
2021-01-01,9,118,141,83.69
2021-01-01,10,113,141,80.14
2021-01-01,11,110,141,78.01
2021-01-01,12,108,141,76.6
2021-01-01,13,106,141,75.18
2021-01-01,14,106,141,75.18
2021-01-01,15,105,141,74.47
2021-01-01,16,102,141,72.34
2021-01-01,17,102,141,72.34
2021-01-01,18,102,141,72.34
2021-01-01,19,101,141,71.63
2021-01-01,20,101,141,71.63
2021-01-01,21,101,141,71.63
2021-01-01,22,101,141,71.63
2021-01-01,23,101,141,71.63
2021-01-01,24,101,141,71.63
2021-01-01,25,101,141,71.63
2021-01-01,26,100,141,70.92
2021-01-01,27,99,141,70.21
2021-01-01,28,98,141,69.5
2021-01-01,29,98,141,69.5
2021-01-01,30,98,141,69.5
2021-01-01,31,98,141,69.5
2021-01-01,32,98,141,69.5
2021-01-01,33,98,141,69.5
2021-01-01,34,98,141,69.5
2021-01-01,35,98,141,69.5
2021-01-01,36,98,141,69.5
2021-01-01,37,97,141,68.79
2021-01-01,38,97,141,68.79
2021-01-01,39,97,141,68.79
2021-01-01,40,97,141,68.79
2021-01-01,41,97,141,68.79
2021-01-01,42,97,141,68.79
2021-01-01,43,97,141,68.79
2021-01-01,44,97,141,68.79
2021-01-01,45,97,141,68.79
2021-01-01,46,97,141,68.79
2021-01-01,47,97,141,68.79
2021-01-01,48,97,141,68.79
2021-01-01,49,97,141,68.79
2021-01-01,50,97,141,68.79
2021-01-01,51,97,141,68.79
2021-01-01,52,97,141,68.79
2021-01-01,53,97,141,68.79
2021-01-01,54,97,141,68.79
2021-01-01,55,97,141,68.79
2021-01-01,56,97,141,68.79
2021-01-01,57,97,141,68.79
2021-01-01,58,97,141,68.79
2021-01-01,59,97,141,68.79
2021-01-01,60,97,141,68.79
2021-01-01,61,97,141,68.79
2021-02-01,0,136,136,100.0
2021-02-01,1,136,136,100.0
2021-02-01,2,135,136,99.26
2021-02-01,3,134,136,98.53
2021-02-01,4,133,136,97.79
2021-02-01,5,133,136,97.79
2021-02-01,6,128,136,94.12
2021-02-01,7,125,136,91.91
2021-02-01,8,121,136,88.97
2021-02-01,9,118,136,86.76
2021-02-01,10,112,136,82.35
2021-02-01,11,111,136,81.62
2021-02-01,12,110,136,80.88
2021-02-01,13,107,136,78.68
2021-02-01,14,106,136,77.94
2021-02-01,15,103,136,75.74
2021-02-01,16,101,136,74.26
2021-02-01,17,100,136,73.53
2021-02-01,18,99,136,72.79
2021-02-01,19,99,136,72.79
2021-02-01,20,99,136,72.79
2021-02-01,21,98,136,72.06
2021-02-01,22,97,136,71.32
2021-02-01,23,97,136,71.32
2021-02-01,24,96,136,70.59
2021-02-01,25,95,136,69.85
2021-02-01,26,95,136,69.85
2021-02-01,27,95,136,69.85
2021-02-01,28,95,136,69.85
2021-02-01,29,95,136,69.85
2021-02-01,30,95,136,69.85
2021-02-01,31,95,136,69.85
2021-02-01,32,95,136,69.85
2021-02-01,33,95,136,69.85
2021-02-01,34,95,136,69.85
2021-02-01,35,95,136,69.85
2021-02-01,36,95,136,69.85
2021-02-01,37,95,136,69.85
2021-02-01,38,95,136,69.85
2021-02-01,39,95,136,69.85
2021-02-01,40,95,136,69.85
2021-02-01,41,95,136,69.85
2021-02-01,42,95,136,69.85
2021-02-01,43,95,136,69.85
2021-02-01,44,95,136,69.85
2021-02-01,45,95,136,69.85
2021-02-01,46,95,136,69.85
2021-02-01,47,95,136,69.85
2021-02-01,48,95,136,69.85
2021-02-01,49,95,136,69.85
2021-02-01,50,95,136,69.85
2021-02-01,51,95,136,69.85
2021-02-01,52,95,136,69.85
2021-02-01,53,95,136,69.85
2021-02-01,54,95,136,69.85
2021-02-01,55,95,136,69.85
2021-02-01,56,95,136,69.85
2021-02-01,57,95,136,69.85
2021-02-01,58,95,136,69.85
2021-02-01,59,95,136,69.85
2021-02-01,60,95,136,69.85
2021-03-01,0,122,122,100.0
2021-03-01,1,122,122,100.0
2021-03-01,2,122,122,100.0
2021-03-01,3,120,122,98.36
2021-03-01,4,117,122,95.9
2021-03-01,5,116,122,95.08
2021-03-01,6,112,122,91.8
2021-03-01,7,108,122,88.52
2021-03-01,8,107,122,87.7
2021-03-01,9,104,122,85.25
2021-03-01,10,104,122,85.25
2021-03-01,11,102,122,83.61
2021-03-01,12,101,122,82.79
2021-03-01,13,100,122,81.97
2021-03-01,14,97,122,79.51
2021-03-01,15,97,122,79.51
2021-03-01,16,96,122,78.69
2021-03-01,17,96,122,78.69
2021-03-01,18,94,122,77.05
2021-03-01,19,94,122,77.05
2021-03-01,20,93,122,76.23
2021-03-01,21,92,122,75.41
2021-03-01,22,92,122,75.41
2021-03-01,23,92,122,75.41
2021-03-01,24,90,122,73.77
2021-03-01,25,89,122,72.95
2021-03-01,26,89,122,72.95
2021-03-01,27,89,122,72.95
2021-03-01,28,89,122,72.95
2021-03-01,29,89,122,72.95
2021-03-01,30,89,122,72.95
2021-03-01,31,89,122,72.95
2021-03-01,32,89,122,72.95
2021-03-01,33,89,122,72.95
2021-03-01,34,89,122,72.95
2021-03-01,35,89,122,72.95
2021-03-01,36,89,122,72.95
2021-03-01,37,88,122,72.13
2021-03-01,38,88,122,72.13
2021-03-01,39,88,122,72.13
2021-03-01,40,88,122,72.13
2021-03-01,41,88,122,72.13
2021-03-01,42,88,122,72.13
2021-03-01,43,88,122,72.13
2021-03-01,44,88,122,72.13
2021-03-01,45,88,122,72.13
2021-03-01,46,88,122,72.13
2021-03-01,47,88,122,72.13
2021-03-01,48,88,122,72.13
2021-03-01,49,88,122,72.13
2021-03-01,50,88,122,72.13
2021-03-01,51,88,122,72.13
2021-03-01,52,88,122,72.13
2021-03-01,53,88,122,72.13
2021-03-01,54,88,122,72.13
2021-03-01,55,88,122,72.13
2021-03-01,56,88,122,72.13
2021-03-01,57,88,122,72.13
2021-03-01,58,88,122,72.13
2021-03-01,59,88,122,72.13
2021-04-01,0,141,141,100.0
2021-04-01,1,141,141,100.0
2021-04-01,2,141,141,100.0
2021-04-01,3,140,141,99.29
2021-04-01,4,138,141,97.87
2021-04-01,5,131,141,92.91
2021-04-01,6,125,141,88.65
2021-04-01,7,119,141,84.4
2021-04-01,8,118,141,83.69
2021-04-01,9,116,141,82.27
2021-04-01,10,110,141,78.01
2021-04-01,11,107,141,75.89
2021-04-01,12,104,141,73.76
2021-04-01,13,103,141,73.05
2021-04-01,14,100,141,70.92
2021-04-01,15,100,141,70.92
2021-04-01,16,100,141,70.92
2021-04-01,17,100,141,70.92
2021-04-01,18,99,141,70.21
2021-04-01,19,99,141,70.21
2021-04-01,20,99,141,70.21
2021-04-01,21,99,141,70.21
2021-04-01,22,99,141,70.21
2021-04-01,23,99,141,70.21
2021-04-01,24,99,141,70.21
2021-04-01,25,99,141,70.21
2021-04-01,26,99,141,70.21
2021-04-01,27,99,141,70.21
2021-04-01,28,99,141,70.21
2021-04-01,29,99,141,70.21
2021-04-01,30,99,141,70.21
2021-04-01,31,99,141,70.21
2021-04-01,32,99,141,70.21
2021-04-01,33,99,141,70.21
2021-04-01,34,99,141,70.21
2021-04-01,35,99,141,70.21
2021-04-01,36,99,141,70.21
2021-04-01,37,98,141,69.5
2021-04-01,38,98,141,69.5
2021-04-01,39,98,141,69.5
2021-04-01,40,98,141,69.5
2021-04-01,41,98,141,69.5
2021-04-01,42,98,141,69.5
2021-04-01,43,98,141,69.5
2021-04-01,44,98,141,69.5
2021-04-01,45,98,141,69.5
2021-04-01,46,98,141,69.5
2021-04-01,47,98,141,69.5
2021-04-01,48,98,141,69.5
2021-04-01,49,98,141,69.5
2021-04-01,50,98,141,69.5
2021-04-01,51,98,141,69.5
2021-04-01,52,98,141,69.5
2021-04-01,53,98,141,69.5
2021-04-01,54,98,141,69.5
2021-04-01,55,98,141,69.5
2021-04-01,56,98,141,69.5
2021-04-01,57,98,141,69.5
2021-04-01,58,98,141,69.5
2021-05-01,0,135,135,100.0
2021-05-01,1,135,135,100.0
2021-05-01,2,134,135,99.26
2021-05-01,3,132,135,97.78
2021-05-01,4,126,135,93.33
2021-05-01,5,120,135,88.89
2021-05-01,6,116,135,85.93
2021-05-01,7,110,135,81.48
2021-05-01,8,109,135,80.74
2021-05-01,9,107,135,79.26
2021-05-01,10,105,135,77.78
2021-05-01,11,103,135,76.3
2021-05-01,12,103,135,76.3
2021-05-01,13,100,135,74.07
2021-05-01,14,96,135,71.11
2021-05-01,15,94,135,69.63
2021-05-01,16,94,135,69.63
2021-05-01,17,94,135,69.63
2021-05-01,18,93,135,68.89
2021-05-01,19,93,135,68.89
2021-05-01,20,93,135,68.89
2021-05-01,21,92,135,68.15
2021-05-01,22,92,135,68.15
2021-05-01,23,92,135,68.15
2021-05-01,24,92,135,68.15
2021-05-01,25,92,135,68.15
2021-05-01,26,92,135,68.15
2021-05-01,27,92,135,68.15
2021-05-01,28,92,135,68.15
2021-05-01,29,92,135,68.15
2021-05-01,30,92,135,68.15
2021-05-01,31,92,135,68.15
2021-05-01,32,92,135,68.15
2021-05-01,33,92,135,68.15
2021-05-01,34,92,135,68.15
2021-05-01,35,92,135,68.15
2021-05-01,36,92,135,68.15
2021-05-01,37,92,135,68.15
2021-05-01,38,92,135,68.15
2021-05-01,39,92,135,68.15
2021-05-01,40,92,135,68.15
2021-05-01,41,92,135,68.15
2021-05-01,42,92,135,68.15
2021-05-01,43,92,135,68.15
2021-05-01,44,92,135,68.15
2021-05-01,45,92,135,68.15
2021-05-01,46,92,135,68.15
2021-05-01,47,92,135,68.15
2021-05-01,48,92,135,68.15
2021-05-01,49,92,135,68.15
2021-05-01,50,92,135,68.15
2021-05-01,51,92,135,68.15
2021-05-01,52,92,135,68.15
2021-05-01,53,92,135,68.15
2021-05-01,54,92,135,68.15
2021-05-01,55,92,135,68.15
2021-05-01,56,92,135,68.15
2021-05-01,57,92,135,68.15
2021-06-01,0,149,149,100.0
2021-06-01,1,149,149,100.0
2021-06-01,2,148,149,99.33
2021-06-01,3,143,149,95.97
2021-06-01,4,139,149,93.29
2021-06-01,5,137,149,91.95
2021-06-01,6,134,149,89.93
2021-06-01,7,130,149,87.25
2021-06-01,8,127,149,85.23
2021-06-01,9,122,149,81.88
2021-06-01,10,118,149,79.19
2021-06-01,11,115,149,77.18
2021-06-01,12,108,149,72.48
2021-06-01,13,107,149,71.81
2021-06-01,14,105,149,70.47
2021-06-01,15,105,149,70.47
2021-06-01,16,104,149,69.8
2021-06-01,17,104,149,69.8
2021-06-01,18,104,149,69.8
2021-06-01,19,101,149,67.79
2021-06-01,20,100,149,67.11
2021-06-01,21,100,149,67.11
2021-06-01,22,99,149,66.44
2021-06-01,23,99,149,66.44
2021-06-01,24,98,149,65.77
2021-06-01,25,97,149,65.1
2021-06-01,26,97,149,65.1
2021-06-01,27,97,149,65.1
2021-06-01,28,96,149,64.43
2021-06-01,29,96,149,64.43
2021-06-01,30,96,149,64.43
2021-06-01,31,96,149,64.43
2021-06-01,32,95,149,63.76
2021-06-01,33,94,149,63.09
2021-06-01,34,94,149,63.09
2021-06-01,35,94,149,63.09
2021-06-01,36,94,149,63.09
2021-06-01,37,94,149,63.09
2021-06-01,38,94,149,63.09
2021-06-01,39,94,149,63.09
2021-06-01,40,94,149,63.09
2021-06-01,41,94,149,63.09
2021-06-01,42,94,149,63.09
2021-06-01,43,94,149,63.09
2021-06-01,44,94,149,63.09
2021-06-01,45,94,149,63.09
2021-06-01,46,94,149,63.09
2021-06-01,47,94,149,63.09
2021-06-01,48,94,149,63.09
2021-06-01,49,94,149,63.09
2021-06-01,50,94,149,63.09
2021-06-01,51,94,149,63.09
2021-06-01,52,94,149,63.09
2021-06-01,53,94,149,63.09
2021-06-01,54,94,149,63.09
2021-06-01,55,94,149,63.09
2021-06-01,56,94,149,63.09
2021-07-01,0,163,163,100.0
2021-07-01,1,163,163,100.0
2021-07-01,2,163,163,100.0
2021-07-01,3,162,163,99.39
2021-07-01,4,159,163,97.55
2021-07-01,5,153,163,93.87
2021-07-01,6,146,163,89.57
2021-07-01,7,144,163,88.34
2021-07-01,8,140,163,85.89
2021-07-01,9,135,163,82.82
2021-07-01,10,134,163,82.21
2021-07-01,11,131,163,80.37
2021-07-01,12,128,163,78.53
2021-07-01,13,126,163,77.3
2021-07-01,14,126,163,77.3
2021-07-01,15,124,163,76.07
2021-07-01,16,123,163,75.46
2021-07-01,17,123,163,75.46
2021-07-01,18,122,163,74.85
2021-07-01,19,122,163,74.85
2021-07-01,20,121,163,74.23
2021-07-01,21,119,163,73.01
2021-07-01,22,119,163,73.01
2021-07-01,23,118,163,72.39
2021-07-01,24,118,163,72.39
2021-07-01,25,117,163,71.78
2021-07-01,26,115,163,70.55
2021-07-01,27,114,163,69.94
2021-07-01,28,114,163,69.94
2021-07-01,29,114,163,69.94
2021-07-01,30,114,163,69.94
2021-07-01,31,114,163,69.94
2021-07-01,32,113,163,69.33
2021-07-01,33,113,163,69.33
2021-07-01,34,113,163,69.33
2021-07-01,35,112,163,68.71
2021-07-01,36,112,163,68.71
2021-07-01,37,112,163,68.71
2021-07-01,38,112,163,68.71
2021-07-01,39,112,163,68.71
2021-07-01,40,112,163,68.71
2021-07-01,41,112,163,68.71
2021-07-01,42,112,163,68.71
2021-07-01,43,112,163,68.71
2021-07-01,44,112,163,68.71
2021-07-01,45,112,163,68.71
2021-07-01,46,112,163,68.71
2021-07-01,47,112,163,68.71
2021-07-01,48,112,163,68.71
2021-07-01,49,112,163,68.71
2021-07-01,50,112,163,68.71
2021-07-01,51,112,163,68.71
2021-07-01,52,112,163,68.71
2021-07-01,53,112,163,68.71
2021-07-01,54,112,163,68.71
2021-07-01,55,112,163,68.71
2021-08-01,0,120,120,100.0
2021-08-01,1,120,120,100.0
2021-08-01,2,120,120,100.0
2021-08-01,3,120,120,100.0
2021-08-01,4,116,120,96.67
2021-08-01,5,112,120,93.33
2021-08-01,6,111,120,92.5
2021-08-01,7,109,120,90.83
2021-08-01,8,107,120,89.17
2021-08-01,9,104,120,86.67
2021-08-01,10,102,120,85.0
2021-08-01,11,100,120,83.33
2021-08-01,12,99,120,82.5
2021-08-01,13,98,120,81.67
2021-08-01,14,94,120,78.33
2021-08-01,15,94,120,78.33
2021-08-01,16,94,120,78.33
2021-08-01,17,93,120,77.5
2021-08-01,18,92,120,76.67
2021-08-01,19,90,120,75.0
2021-08-01,20,89,120,74.17
2021-08-01,21,87,120,72.5
2021-08-01,22,87,120,72.5
2021-08-01,23,87,120,72.5
2021-08-01,24,87,120,72.5
2021-08-01,25,87,120,72.5
2021-08-01,26,87,120,72.5
2021-08-01,27,87,120,72.5
2021-08-01,28,87,120,72.5
2021-08-01,29,87,120,72.5
2021-08-01,30,87,120,72.5
2021-08-01,31,87,120,72.5
2021-08-01,32,87,120,72.5
2021-08-01,33,87,120,72.5
2021-08-01,34,87,120,72.5
2021-08-01,35,87,120,72.5
2021-08-01,36,87,120,72.5
2021-08-01,37,87,120,72.5
2021-08-01,38,87,120,72.5
2021-08-01,39,87,120,72.5
2021-08-01,40,87,120,72.5
2021-08-01,41,87,120,72.5
2021-08-01,42,87,120,72.5
2021-08-01,43,87,120,72.5
2021-08-01,44,87,120,72.5
2021-08-01,45,87,120,72.5
2021-08-01,46,87,120,72.5
2021-08-01,47,87,120,72.5
2021-08-01,48,87,120,72.5
2021-08-01,49,87,120,72.5
2021-08-01,50,87,120,72.5
2021-08-01,51,87,120,72.5
2021-08-01,52,87,120,72.5
2021-08-01,53,87,120,72.5
2021-08-01,54,87,120,72.5
2021-09-01,0,124,124,100.0
2021-09-01,1,124,124,100.0
2021-09-01,2,124,124,100.0
2021-09-01,3,124,124,100.0
2021-09-01,4,124,124,100.0
2021-09-01,5,123,124,99.19
2021-09-01,6,116,124,93.55
2021-09-01,7,113,124,91.13
2021-09-01,8,109,124,87.9
2021-09-01,9,102,124,82.26
2021-09-01,10,98,124,79.03
2021-09-01,11,95,124,76.61
2021-09-01,12,93,124,75.0
2021-09-01,13,93,124,75.0
2021-09-01,14,92,124,74.19
2021-09-01,15,92,124,74.19
2021-09-01,16,91,124,73.39
2021-09-01,17,90,124,72.58
2021-09-01,18,89,124,71.77
2021-09-01,19,88,124,70.97
2021-09-01,20,88,124,70.97
2021-09-01,21,88,124,70.97
2021-09-01,22,85,124,68.55
2021-09-01,23,85,124,68.55
2021-09-01,24,83,124,66.94
2021-09-01,25,83,124,66.94
2021-09-01,26,83,124,66.94
2021-09-01,27,83,124,66.94
2021-09-01,28,83,124,66.94
2021-09-01,29,83,124,66.94
2021-09-01,30,83,124,66.94
2021-09-01,31,83,124,66.94
2021-09-01,32,83,124,66.94
2021-09-01,33,83,124,66.94
2021-09-01,34,83,124,66.94
2021-09-01,35,83,124,66.94
2021-09-01,36,82,124,66.13
2021-09-01,37,82,124,66.13
2021-09-01,38,82,124,66.13
2021-09-01,39,82,124,66.13
2021-09-01,40,82,124,66.13
2021-09-01,41,82,124,66.13
2021-09-01,42,82,124,66.13
2021-09-01,43,82,124,66.13
2021-09-01,44,82,124,66.13
2021-09-01,45,82,124,66.13
2021-09-01,46,82,124,66.13
2021-09-01,47,82,124,66.13
2021-09-01,48,82,124,66.13
2021-09-01,49,82,124,66.13
2021-09-01,50,82,124,66.13
2021-09-01,51,82,124,66.13
2021-09-01,52,82,124,66.13
2021-09-01,53,82,124,66.13
2021-10-01,0,164,164,100.0
2021-10-01,1,164,164,100.0
2021-10-01,2,163,164,99.39
2021-10-01,3,162,164,98.78
2021-10-01,4,157,164,95.73
2021-10-01,5,153,164,93.29
2021-10-01,6,146,164,89.02
2021-10-01,7,141,164,85.98
2021-10-01,8,139,164,84.76
2021-10-01,9,135,164,82.32
2021-10-01,10,133,164,81.1
2021-10-01,11,131,164,79.88
2021-10-01,12,129,164,78.66
2021-10-01,13,126,164,76.83
2021-10-01,14,125,164,76.22
2021-10-01,15,125,164,76.22
2021-10-01,16,124,164,75.61
2021-10-01,17,123,164,75.0
2021-10-01,18,123,164,75.0
2021-10-01,19,123,164,75.0
2021-10-01,20,121,164,73.78
2021-10-01,21,121,164,73.78
2021-10-01,22,121,164,73.78
2021-10-01,23,120,164,73.17
2021-10-01,24,118,164,71.95
2021-10-01,25,118,164,71.95
2021-10-01,26,118,164,71.95
2021-10-01,27,118,164,71.95
2021-10-01,28,118,164,71.95
2021-10-01,29,118,164,71.95
2021-10-01,30,118,164,71.95
2021-10-01,31,118,164,71.95
2021-10-01,32,118,164,71.95
2021-10-01,33,118,164,71.95
2021-10-01,34,118,164,71.95
2021-10-01,35,118,164,71.95
2021-10-01,36,118,164,71.95
2021-10-01,37,117,164,71.34
2021-10-01,38,117,164,71.34
2021-10-01,39,117,164,71.34
2021-10-01,40,117,164,71.34
2021-10-01,41,117,164,71.34
2021-10-01,42,117,164,71.34
2021-10-01,43,117,164,71.34
2021-10-01,44,117,164,71.34
2021-10-01,45,117,164,71.34
2021-10-01,46,117,164,71.34
2021-10-01,47,117,164,71.34
2021-10-01,48,117,164,71.34
2021-10-01,49,117,164,71.34
2021-10-01,50,117,164,71.34
2021-10-01,51,117,164,71.34
2021-10-01,52,117,164,71.34
2021-11-01,0,123,123,100.0
2021-11-01,1,123,123,100.0
2021-11-01,2,123,123,100.0
2021-11-01,3,118,123,95.93
2021-11-01,4,115,123,93.5
2021-11-01,5,113,123,91.87
2021-11-01,6,110,123,89.43
2021-11-01,7,108,123,87.8
2021-11-01,8,106,123,86.18
2021-11-01,9,104,123,84.55
2021-11-01,10,102,123,82.93
2021-11-01,11,101,123,82.11
2021-11-01,12,100,123,81.3
2021-11-01,13,98,123,79.67
2021-11-01,14,98,123,79.67
2021-11-01,15,97,123,78.86
2021-11-01,16,97,123,78.86
2021-11-01,17,97,123,78.86
2021-11-01,18,97,123,78.86
2021-11-01,19,96,123,78.05
2021-11-01,20,96,123,78.05
2021-11-01,21,96,123,78.05
2021-11-01,22,96,123,78.05
2021-11-01,23,96,123,78.05
2021-11-01,24,95,123,77.24
2021-11-01,25,95,123,77.24
2021-11-01,26,95,123,77.24
2021-11-01,27,95,123,77.24
2021-11-01,28,94,123,76.42
2021-11-01,29,94,123,76.42
2021-11-01,30,94,123,76.42
2021-11-01,31,94,123,76.42
2021-11-01,32,94,123,76.42
2021-11-01,33,94,123,76.42
2021-11-01,34,94,123,76.42
2021-11-01,35,93,123,75.61
2021-11-01,36,93,123,75.61
2021-11-01,37,92,123,74.8
2021-11-01,38,92,123,74.8
2021-11-01,39,92,123,74.8
2021-11-01,40,92,123,74.8
2021-11-01,41,92,123,74.8
2021-11-01,42,92,123,74.8
2021-11-01,43,92,123,74.8
2021-11-01,44,92,123,74.8
2021-11-01,45,92,123,74.8
2021-11-01,46,92,123,74.8
2021-11-01,47,92,123,74.8
2021-11-01,48,92,123,74.8
2021-11-01,49,92,123,74.8
2021-11-01,50,92,123,74.8
2021-11-01,51,92,123,74.8
2021-12-01,0,132,132,100.0
2021-12-01,1,132,132,100.0
2021-12-01,2,132,132,100.0
2021-12-01,3,132,132,100.0
2021-12-01,4,131,132,99.24
2021-12-01,5,129,132,97.73
2021-12-01,6,125,132,94.7
2021-12-01,7,121,132,91.67
2021-12-01,8,115,132,87.12
2021-12-01,9,113,132,85.61
2021-12-01,10,112,132,84.85
2021-12-01,11,110,132,83.33
2021-12-01,12,107,132,81.06
2021-12-01,13,102,132,77.27
2021-12-01,14,102,132,77.27
2021-12-01,15,100,132,75.76
2021-12-01,16,97,132,73.48
2021-12-01,17,97,132,73.48
2021-12-01,18,95,132,71.97
2021-12-01,19,95,132,71.97
2021-12-01,20,94,132,71.21
2021-12-01,21,94,132,71.21
2021-12-01,22,94,132,71.21
2021-12-01,23,94,132,71.21
2021-12-01,24,94,132,71.21
2021-12-01,25,94,132,71.21
2021-12-01,26,94,132,71.21
2021-12-01,27,93,132,70.45
2021-12-01,28,93,132,70.45
2021-12-01,29,93,132,70.45
2021-12-01,30,93,132,70.45
2021-12-01,31,93,132,70.45
2021-12-01,32,93,132,70.45
2021-12-01,33,93,132,70.45
2021-12-01,34,93,132,70.45
2021-12-01,35,93,132,70.45
2021-12-01,36,93,132,70.45
2021-12-01,37,90,132,68.18
2021-12-01,38,90,132,68.18
2021-12-01,39,90,132,68.18
2021-12-01,40,90,132,68.18
2021-12-01,41,90,132,68.18
2021-12-01,42,90,132,68.18
2021-12-01,43,90,132,68.18
2021-12-01,44,90,132,68.18
2021-12-01,45,90,132,68.18
2021-12-01,46,90,132,68.18
2021-12-01,47,90,132,68.18
2021-12-01,48,90,132,68.18
2021-12-01,49,90,132,68.18
2021-12-01,50,90,132,68.18
2022-01-01,0,126,126,100.0
2022-01-01,1,126,126,100.0
2022-01-01,2,126,126,100.0
2022-01-01,3,126,126,100.0
2022-01-01,4,123,126,97.62
2022-01-01,5,118,126,93.65
2022-01-01,6,118,126,93.65
2022-01-01,7,115,126,91.27
2022-01-01,8,112,126,88.89
2022-01-01,9,112,126,88.89
2022-01-01,10,109,126,86.51
2022-01-01,11,106,126,84.13
2022-01-01,12,103,126,81.75
2022-01-01,13,102,126,80.95
2022-01-01,14,101,126,80.16
2022-01-01,15,101,126,80.16
2022-01-01,16,100,126,79.37
2022-01-01,17,99,126,78.57
2022-01-01,18,99,126,78.57
2022-01-01,19,98,126,77.78
2022-01-01,20,97,126,76.98
2022-01-01,21,96,126,76.19
2022-01-01,22,96,126,76.19
2022-01-01,23,96,126,76.19
2022-01-01,24,96,126,76.19
2022-01-01,25,96,126,76.19
2022-01-01,26,96,126,76.19
2022-01-01,27,95,126,75.4
2022-01-01,28,94,126,74.6
2022-01-01,29,93,126,73.81
2022-01-01,30,93,126,73.81
2022-01-01,31,93,126,73.81
2022-01-01,32,93,126,73.81
2022-01-01,33,93,126,73.81
2022-01-01,34,93,126,73.81
2022-01-01,35,93,126,73.81
2022-01-01,36,93,126,73.81
2022-01-01,37,92,126,73.02
2022-01-01,38,92,126,73.02
2022-01-01,39,92,126,73.02
2022-01-01,40,92,126,73.02
2022-01-01,41,92,126,73.02
2022-01-01,42,92,126,73.02
2022-01-01,43,92,126,73.02
2022-01-01,44,92,126,73.02
2022-01-01,45,92,126,73.02
2022-01-01,46,92,126,73.02
2022-01-01,47,92,126,73.02
2022-01-01,48,92,126,73.02
2022-01-01,49,92,126,73.02
2022-02-01,0,118,118,100.0
2022-02-01,1,118,118,100.0
2022-02-01,2,117,118,99.15
2022-02-01,3,115,118,97.46
2022-02-01,4,111,118,94.07
2022-02-01,5,108,118,91.53
2022-02-01,6,104,118,88.14
2022-02-01,7,100,118,84.75
2022-02-01,8,99,118,83.9
2022-02-01,9,98,118,83.05
2022-02-01,10,96,118,81.36
2022-02-01,11,91,118,77.12
2022-02-01,12,89,118,75.42
2022-02-01,13,88,118,74.58
2022-02-01,14,86,118,72.88
2022-02-01,15,85,118,72.03
2022-02-01,16,85,118,72.03
2022-02-01,17,85,118,72.03
2022-02-01,18,85,118,72.03
2022-02-01,19,85,118,72.03
2022-02-01,20,84,118,71.19
2022-02-01,21,84,118,71.19
2022-02-01,22,84,118,71.19
2022-02-01,23,84,118,71.19
2022-02-01,24,83,118,70.34
2022-02-01,25,83,118,70.34
2022-02-01,26,82,118,69.49
2022-02-01,27,82,118,69.49
2022-02-01,28,82,118,69.49
2022-02-01,29,82,118,69.49
2022-02-01,30,82,118,69.49
2022-02-01,31,82,118,69.49
2022-02-01,32,82,118,69.49
2022-02-01,33,82,118,69.49
2022-02-01,34,82,118,69.49
2022-02-01,35,82,118,69.49
2022-02-01,36,82,118,69.49
2022-02-01,37,82,118,69.49
2022-02-01,38,82,118,69.49
2022-02-01,39,82,118,69.49
2022-02-01,40,82,118,69.49
2022-02-01,41,82,118,69.49
2022-02-01,42,82,118,69.49
2022-02-01,43,82,118,69.49
2022-02-01,44,82,118,69.49
2022-02-01,45,82,118,69.49
2022-02-01,46,82,118,69.49
2022-02-01,47,82,118,69.49
2022-02-01,48,82,118,69.49
2022-03-01,0,164,164,100.0
2022-03-01,1,164,164,100.0
2022-03-01,2,164,164,100.0
2022-03-01,3,164,164,100.0
2022-03-01,4,160,164,97.56
2022-03-01,5,158,164,96.34
2022-03-01,6,156,164,95.12
2022-03-01,7,155,164,94.51
2022-03-01,8,153,164,93.29
2022-03-01,9,150,164,91.46
2022-03-01,10,148,164,90.24
2022-03-01,11,148,164,90.24
2022-03-01,12,147,164,89.63
2022-03-01,13,147,164,89.63
2022-03-01,14,146,164,89.02
2022-03-01,15,145,164,88.41
2022-03-01,16,145,164,88.41
2022-03-01,17,142,164,86.59
2022-03-01,18,141,164,85.98
2022-03-01,19,140,164,85.37
2022-03-01,20,139,164,84.76
2022-03-01,21,139,164,84.76
2022-03-01,22,137,164,83.54
2022-03-01,23,137,164,83.54
2022-03-01,24,136,164,82.93
2022-03-01,25,135,164,82.32
2022-03-01,26,135,164,82.32
2022-03-01,27,135,164,82.32
2022-03-01,28,134,164,81.71
2022-03-01,29,134,164,81.71
2022-03-01,30,133,164,81.1
2022-03-01,31,133,164,81.1
2022-03-01,32,133,164,81.1
2022-03-01,33,132,164,80.49
2022-03-01,34,132,164,80.49
2022-03-01,35,132,164,80.49
2022-03-01,36,132,164,80.49
2022-03-01,37,128,164,78.05
2022-03-01,38,128,164,78.05
2022-03-01,39,128,164,78.05
2022-03-01,40,128,164,78.05
2022-03-01,41,128,164,78.05
2022-03-01,42,128,164,78.05
2022-03-01,43,128,164,78.05
2022-03-01,44,128,164,78.05
2022-03-01,45,128,164,78.05
2022-03-01,46,128,164,78.05
2022-03-01,47,128,164,78.05
2022-04-01,0,122,122,100.0
2022-04-01,1,122,122,100.0
2022-04-01,2,122,122,100.0
2022-04-01,3,119,122,97.54
2022-04-01,4,116,122,95.08
2022-04-01,5,114,122,93.44
2022-04-01,6,111,122,90.98
2022-04-01,7,107,122,87.7
2022-04-01,8,105,122,86.07
2022-04-01,9,104,122,85.25
2022-04-01,10,102,122,83.61
2022-04-01,11,101,122,82.79
2022-04-01,12,101,122,82.79
2022-04-01,13,99,122,81.15
2022-04-01,14,99,122,81.15
2022-04-01,15,98,122,80.33
2022-04-01,16,98,122,80.33
2022-04-01,17,97,122,79.51
2022-04-01,18,95,122,77.87
2022-04-01,19,95,122,77.87
2022-04-01,20,95,122,77.87
2022-04-01,21,94,122,77.05
2022-04-01,22,94,122,77.05
2022-04-01,23,94,122,77.05
2022-04-01,24,94,122,77.05
2022-04-01,25,94,122,77.05
2022-04-01,26,94,122,77.05
2022-04-01,27,94,122,77.05
2022-04-01,28,94,122,77.05
2022-04-01,29,94,122,77.05
2022-04-01,30,94,122,77.05
2022-04-01,31,94,122,77.05
2022-04-01,32,94,122,77.05
2022-04-01,33,94,122,77.05
2022-04-01,34,94,122,77.05
2022-04-01,35,94,122,77.05
2022-04-01,36,94,122,77.05
2022-04-01,37,94,122,77.05
2022-04-01,38,94,122,77.05
2022-04-01,39,94,122,77.05
2022-04-01,40,94,122,77.05
2022-04-01,41,94,122,77.05
2022-04-01,42,94,122,77.05
2022-04-01,43,94,122,77.05
2022-04-01,44,94,122,77.05
2022-04-01,45,94,122,77.05
2022-04-01,46,94,122,77.05
2022-05-01,0,155,155,100.0
2022-05-01,1,155,155,100.0
2022-05-01,2,153,155,98.71
2022-05-01,3,153,155,98.71
2022-05-01,4,151,155,97.42
2022-05-01,5,146,155,94.19
2022-05-01,6,143,155,92.26
2022-05-01,7,143,155,92.26
2022-05-01,8,136,155,87.74
2022-05-01,9,135,155,87.1
2022-05-01,10,135,155,87.1
2022-05-01,11,132,155,85.16
2022-05-01,12,131,155,84.52
2022-05-01,13,129,155,83.23
2022-05-01,14,128,155,82.58
2022-05-01,15,126,155,81.29
2022-05-01,16,123,155,79.35
2022-05-01,17,121,155,78.06
2022-05-01,18,119,155,76.77
2022-05-01,19,119,155,76.77
2022-05-01,20,118,155,76.13
2022-05-01,21,116,155,74.84
2022-05-01,22,116,155,74.84
2022-05-01,23,116,155,74.84
2022-05-01,24,115,155,74.19
2022-05-01,25,115,155,74.19
2022-05-01,26,114,155,73.55
2022-05-01,27,114,155,73.55
2022-05-01,28,114,155,73.55
2022-05-01,29,114,155,73.55
2022-05-01,30,114,155,73.55
2022-05-01,31,113,155,72.9
2022-05-01,32,113,155,72.9
2022-05-01,33,113,155,72.9
2022-05-01,34,113,155,72.9
2022-05-01,35,113,155,72.9
2022-05-01,36,113,155,72.9
2022-05-01,37,113,155,72.9
2022-05-01,38,113,155,72.9
2022-05-01,39,113,155,72.9
2022-05-01,40,113,155,72.9
2022-05-01,41,113,155,72.9
2022-05-01,42,113,155,72.9
2022-05-01,43,113,155,72.9
2022-05-01,44,113,155,72.9
2022-05-01,45,113,155,72.9
2022-06-01,0,125,125,100.0
2022-06-01,1,125,125,100.0
2022-06-01,2,122,125,97.6
2022-06-01,3,121,125,96.8
2022-06-01,4,120,125,96.0
2022-06-01,5,117,125,93.6
2022-06-01,6,115,125,92.0
2022-06-01,7,113,125,90.4
2022-06-01,8,113,125,90.4
2022-06-01,9,109,125,87.2
2022-06-01,10,109,125,87.2
2022-06-01,11,106,125,84.8
2022-06-01,12,105,125,84.0
2022-06-01,13,101,125,80.8
2022-06-01,14,100,125,80.0
2022-06-01,15,100,125,80.0
2022-06-01,16,100,125,80.0
2022-06-01,17,99,125,79.2
2022-06-01,18,99,125,79.2
2022-06-01,19,98,125,78.4
2022-06-01,20,97,125,77.6
2022-06-01,21,97,125,77.6
2022-06-01,22,96,125,76.8
2022-06-01,23,96,125,76.8
2022-06-01,24,94,125,75.2
2022-06-01,25,94,125,75.2
2022-06-01,26,93,125,74.4
2022-06-01,27,93,125,74.4
2022-06-01,28,93,125,74.4
2022-06-01,29,93,125,74.4
2022-06-01,30,92,125,73.6
2022-06-01,31,92,125,73.6
2022-06-01,32,92,125,73.6
2022-06-01,33,92,125,73.6
2022-06-01,34,92,125,73.6
2022-06-01,35,92,125,73.6
2022-06-01,36,92,125,73.6
2022-06-01,37,92,125,73.6
2022-06-01,38,92,125,73.6
2022-06-01,39,92,125,73.6
2022-06-01,40,92,125,73.6
2022-06-01,41,92,125,73.6
2022-06-01,42,92,125,73.6
2022-06-01,43,92,125,73.6
2022-06-01,44,92,125,73.6
2022-07-01,0,153,153,100.0
2022-07-01,1,153,153,100.0
2022-07-01,2,153,153,100.0
2022-07-01,3,151,153,98.69
2022-07-01,4,150,153,98.04
2022-07-01,5,147,153,96.08
2022-07-01,6,144,153,94.12
2022-07-01,7,138,153,90.2
2022-07-01,8,136,153,88.89
2022-07-01,9,136,153,88.89
2022-07-01,10,135,153,88.24
2022-07-01,11,134,153,87.58
2022-07-01,12,134,153,87.58
2022-07-01,13,132,153,86.27
2022-07-01,14,132,153,86.27
2022-07-01,15,132,153,86.27
2022-07-01,16,131,153,85.62
2022-07-01,17,128,153,83.66
2022-07-01,18,128,153,83.66
2022-07-01,19,128,153,83.66
2022-07-01,20,128,153,83.66
2022-07-01,21,128,153,83.66
2022-07-01,22,128,153,83.66
2022-07-01,23,128,153,83.66
2022-07-01,24,128,153,83.66
2022-07-01,25,128,153,83.66
2022-07-01,26,128,153,83.66
2022-07-01,27,128,153,83.66
2022-07-01,28,127,153,83.01
2022-07-01,29,127,153,83.01
2022-07-01,30,127,153,83.01
2022-07-01,31,127,153,83.01
2022-07-01,32,127,153,83.01
2022-07-01,33,127,153,83.01
2022-07-01,34,127,153,83.01
2022-07-01,35,127,153,83.01
2022-07-01,36,127,153,83.01
2022-07-01,37,127,153,83.01
2022-07-01,38,127,153,83.01
2022-07-01,39,127,153,83.01
2022-07-01,40,127,153,83.01
2022-07-01,41,127,153,83.01
2022-07-01,42,127,153,83.01
2022-07-01,43,127,153,83.01
2022-08-01,0,137,137,100.0
2022-08-01,1,137,137,100.0
2022-08-01,2,136,137,99.27
2022-08-01,3,134,137,97.81
2022-08-01,4,133,137,97.08
2022-08-01,5,132,137,96.35
2022-08-01,6,128,137,93.43
2022-08-01,7,125,137,91.24
2022-08-01,8,122,137,89.05
2022-08-01,9,119,137,86.86
2022-08-01,10,114,137,83.21
2022-08-01,11,112,137,81.75
2022-08-01,12,109,137,79.56
2022-08-01,13,108,137,78.83
2022-08-01,14,107,137,78.1
2022-08-01,15,106,137,77.37
2022-08-01,16,106,137,77.37
2022-08-01,17,105,137,76.64
2022-08-01,18,105,137,76.64
2022-08-01,19,104,137,75.91
2022-08-01,20,103,137,75.18
2022-08-01,21,103,137,75.18
2022-08-01,22,103,137,75.18
2022-08-01,23,103,137,75.18
2022-08-01,24,103,137,75.18
2022-08-01,25,102,137,74.45
2022-08-01,26,102,137,74.45
2022-08-01,27,102,137,74.45
2022-08-01,28,102,137,74.45
2022-08-01,29,100,137,72.99
2022-08-01,30,99,137,72.26
2022-08-01,31,99,137,72.26
2022-08-01,32,98,137,71.53
2022-08-01,33,98,137,71.53
2022-08-01,34,98,137,71.53
2022-08-01,35,98,137,71.53
2022-08-01,36,98,137,71.53
2022-08-01,37,98,137,71.53
2022-08-01,38,98,137,71.53
2022-08-01,39,98,137,71.53
2022-08-01,40,98,137,71.53
2022-08-01,41,98,137,71.53
2022-08-01,42,98,137,71.53
2022-09-01,0,145,145,100.0
2022-09-01,1,145,145,100.0
2022-09-01,2,145,145,100.0
2022-09-01,3,145,145,100.0
2022-09-01,4,143,145,98.62
2022-09-01,5,138,145,95.17
2022-09-01,6,136,145,93.79
2022-09-01,7,133,145,91.72
2022-09-01,8,129,145,88.97
2022-09-01,9,124,145,85.52
2022-09-01,10,122,145,84.14
2022-09-01,11,122,145,84.14
2022-09-01,12,119,145,82.07
2022-09-01,13,117,145,80.69
2022-09-01,14,115,145,79.31
2022-09-01,15,113,145,77.93
2022-09-01,16,113,145,77.93
2022-09-01,17,111,145,76.55
2022-09-01,18,110,145,75.86
2022-09-01,19,109,145,75.17
2022-09-01,20,109,145,75.17
2022-09-01,21,109,145,75.17
2022-09-01,22,108,145,74.48
2022-09-01,23,108,145,74.48
2022-09-01,24,108,145,74.48
2022-09-01,25,108,145,74.48
2022-09-01,26,108,145,74.48
2022-09-01,27,108,145,74.48
2022-09-01,28,108,145,74.48
2022-09-01,29,108,145,74.48
2022-09-01,30,108,145,74.48
2022-09-01,31,108,145,74.48
2022-09-01,32,108,145,74.48
2022-09-01,33,108,145,74.48
2022-09-01,34,108,145,74.48
2022-09-01,35,108,145,74.48
2022-09-01,36,108,145,74.48
2022-09-01,37,108,145,74.48
2022-09-01,38,108,145,74.48
2022-09-01,39,108,145,74.48
2022-09-01,40,108,145,74.48
2022-09-01,41,108,145,74.48
2022-10-01,0,144,144,100.0
2022-10-01,1,144,144,100.0
2022-10-01,2,141,144,97.92
2022-10-01,3,139,144,96.53
2022-10-01,4,137,144,95.14
2022-10-01,5,135,144,93.75
2022-10-01,6,130,144,90.28
2022-10-01,7,126,144,87.5
2022-10-01,8,123,144,85.42
2022-10-01,9,119,144,82.64
2022-10-01,10,119,144,82.64
2022-10-01,11,117,144,81.25
2022-10-01,12,115,144,79.86
2022-10-01,13,113,144,78.47
2022-10-01,14,113,144,78.47
2022-10-01,15,113,144,78.47
2022-10-01,16,112,144,77.78
2022-10-01,17,110,144,76.39
2022-10-01,18,110,144,76.39
2022-10-01,19,110,144,76.39
2022-10-01,20,110,144,76.39
2022-10-01,21,110,144,76.39
2022-10-01,22,110,144,76.39
2022-10-01,23,110,144,76.39
2022-10-01,24,110,144,76.39
2022-10-01,25,109,144,75.69
2022-10-01,26,109,144,75.69
2022-10-01,27,109,144,75.69
2022-10-01,28,109,144,75.69
2022-10-01,29,109,144,75.69
2022-10-01,30,109,144,75.69
2022-10-01,31,109,144,75.69
2022-10-01,32,109,144,75.69
2022-10-01,33,109,144,75.69
2022-10-01,34,108,144,75.0
2022-10-01,35,108,144,75.0
2022-10-01,36,108,144,75.0
2022-10-01,37,108,144,75.0
2022-10-01,38,108,144,75.0
2022-10-01,39,108,144,75.0
2022-10-01,40,108,144,75.0
2022-11-01,0,148,148,100.0
2022-11-01,1,148,148,100.0
2022-11-01,2,147,148,99.32
2022-11-01,3,146,148,98.65
2022-11-01,4,144,148,97.3
2022-11-01,5,137,148,92.57
2022-11-01,6,131,148,88.51
2022-11-01,7,127,148,85.81
2022-11-01,8,120,148,81.08
2022-11-01,9,118,148,79.73
2022-11-01,10,116,148,78.38
2022-11-01,11,112,148,75.68
2022-11-01,12,107,148,72.3
2022-11-01,13,104,148,70.27
2022-11-01,14,103,148,69.59
2022-11-01,15,103,148,69.59
2022-11-01,16,102,148,68.92
2022-11-01,17,101,148,68.24
2022-11-01,18,101,148,68.24
2022-11-01,19,101,148,68.24
2022-11-01,20,100,148,67.57
2022-11-01,21,100,148,67.57
2022-11-01,22,100,148,67.57
2022-11-01,23,100,148,67.57
2022-11-01,24,100,148,67.57
2022-11-01,25,100,148,67.57
2022-11-01,26,100,148,67.57
2022-11-01,27,99,148,66.89
2022-11-01,28,99,148,66.89
2022-11-01,29,99,148,66.89
2022-11-01,30,99,148,66.89
2022-11-01,31,99,148,66.89
2022-11-01,32,99,148,66.89
2022-11-01,33,99,148,66.89
2022-11-01,34,99,148,66.89
2022-11-01,35,99,148,66.89
2022-11-01,36,99,148,66.89
2022-11-01,37,98,148,66.22
2022-11-01,38,98,148,66.22
2022-11-01,39,98,148,66.22
2022-12-01,0,131,131,100.0
2022-12-01,1,131,131,100.0
2022-12-01,2,131,131,100.0
2022-12-01,3,130,131,99.24
2022-12-01,4,128,131,97.71
2022-12-01,5,124,131,94.66
2022-12-01,6,120,131,91.6
2022-12-01,7,113,131,86.26
2022-12-01,8,108,131,82.44
2022-12-01,9,105,131,80.15
2022-12-01,10,101,131,77.1
2022-12-01,11,97,131,74.05
2022-12-01,12,92,131,70.23
2022-12-01,13,92,131,70.23
2022-12-01,14,90,131,68.7
2022-12-01,15,87,131,66.41
2022-12-01,16,85,131,64.89
2022-12-01,17,85,131,64.89
2022-12-01,18,84,131,64.12
2022-12-01,19,83,131,63.36
2022-12-01,20,82,131,62.6
2022-12-01,21,82,131,62.6
2022-12-01,22,81,131,61.83
2022-12-01,23,80,131,61.07
2022-12-01,24,79,131,60.31
2022-12-01,25,77,131,58.78
2022-12-01,26,77,131,58.78
2022-12-01,27,77,131,58.78
2022-12-01,28,77,131,58.78
2022-12-01,29,77,131,58.78
2022-12-01,30,77,131,58.78
2022-12-01,31,77,131,58.78
2022-12-01,32,77,131,58.78
2022-12-01,33,77,131,58.78
2022-12-01,34,77,131,58.78
2022-12-01,35,77,131,58.78
2022-12-01,36,77,131,58.78
2022-12-01,37,77,131,58.78
2022-12-01,38,77,131,58.78
2023-01-01,0,139,139,100.0
2023-01-01,1,139,139,100.0
2023-01-01,2,139,139,100.0
2023-01-01,3,138,139,99.28
2023-01-01,4,137,139,98.56
2023-01-01,5,133,139,95.68
2023-01-01,6,130,139,93.53
2023-01-01,7,128,139,92.09
2023-01-01,8,121,139,87.05
2023-01-01,9,118,139,84.89
2023-01-01,10,118,139,84.89
2023-01-01,11,117,139,84.17
2023-01-01,12,116,139,83.45
2023-01-01,13,116,139,83.45
2023-01-01,14,116,139,83.45
2023-01-01,15,115,139,82.73
2023-01-01,16,114,139,82.01
2023-01-01,17,112,139,80.58
2023-01-01,18,110,139,79.14
2023-01-01,19,110,139,79.14
2023-01-01,20,108,139,77.7
2023-01-01,21,108,139,77.7
2023-01-01,22,107,139,76.98
2023-01-01,23,106,139,76.26
2023-01-01,24,106,139,76.26
2023-01-01,25,105,139,75.54
2023-01-01,26,105,139,75.54
2023-01-01,27,105,139,75.54
2023-01-01,28,105,139,75.54
2023-01-01,29,105,139,75.54
2023-01-01,30,104,139,74.82
2023-01-01,31,104,139,74.82
2023-01-01,32,104,139,74.82
2023-01-01,33,104,139,74.82
2023-01-01,34,104,139,74.82
2023-01-01,35,104,139,74.82
2023-01-01,36,104,139,74.82
2023-01-01,37,104,139,74.82
2023-02-01,0,139,139,100.0
2023-02-01,1,139,139,100.0
2023-02-01,2,139,139,100.0
2023-02-01,3,139,139,100.0
2023-02-01,4,138,139,99.28
2023-02-01,5,134,139,96.4
2023-02-01,6,129,139,92.81
2023-02-01,7,125,139,89.93
2023-02-01,8,122,139,87.77
2023-02-01,9,117,139,84.17
2023-02-01,10,115,139,82.73
2023-02-01,11,114,139,82.01
2023-02-01,12,113,139,81.29
2023-02-01,13,113,139,81.29
2023-02-01,14,110,139,79.14
2023-02-01,15,109,139,78.42
2023-02-01,16,108,139,77.7
2023-02-01,17,108,139,77.7
2023-02-01,18,107,139,76.98
2023-02-01,19,107,139,76.98
2023-02-01,20,107,139,76.98
2023-02-01,21,106,139,76.26
2023-02-01,22,106,139,76.26
2023-02-01,23,106,139,76.26
2023-02-01,24,106,139,76.26
2023-02-01,25,105,139,75.54
2023-02-01,26,105,139,75.54
2023-02-01,27,105,139,75.54
2023-02-01,28,104,139,74.82
2023-02-01,29,104,139,74.82
2023-02-01,30,103,139,74.1
2023-02-01,31,103,139,74.1
2023-02-01,32,102,139,73.38
2023-02-01,33,102,139,73.38
2023-02-01,34,102,139,73.38
2023-02-01,35,102,139,73.38
2023-02-01,36,102,139,73.38
2023-03-01,0,142,142,100.0
2023-03-01,1,142,142,100.0
2023-03-01,2,142,142,100.0
2023-03-01,3,141,142,99.3
2023-03-01,4,139,142,97.89
2023-03-01,5,137,142,96.48
2023-03-01,6,133,142,93.66
2023-03-01,7,127,142,89.44
2023-03-01,8,122,142,85.92
2023-03-01,9,120,142,84.51
2023-03-01,10,115,142,80.99
2023-03-01,11,111,142,78.17
2023-03-01,12,111,142,78.17
2023-03-01,13,109,142,76.76
2023-03-01,14,106,142,74.65
2023-03-01,15,106,142,74.65
2023-03-01,16,105,142,73.94
2023-03-01,17,105,142,73.94
2023-03-01,18,104,142,73.24
2023-03-01,19,103,142,72.54
2023-03-01,20,103,142,72.54
2023-03-01,21,103,142,72.54
2023-03-01,22,101,142,71.13
2023-03-01,23,101,142,71.13
2023-03-01,24,100,142,70.42
2023-03-01,25,100,142,70.42
2023-03-01,26,99,142,69.72
2023-03-01,27,99,142,69.72
2023-03-01,28,99,142,69.72
2023-03-01,29,99,142,69.72
2023-03-01,30,99,142,69.72
2023-03-01,31,99,142,69.72
2023-03-01,32,99,142,69.72
2023-03-01,33,99,142,69.72
2023-03-01,34,98,142,69.01
2023-03-01,35,98,142,69.01
2023-04-01,0,156,156,100.0
2023-04-01,1,156,156,100.0
2023-04-01,2,156,156,100.0
2023-04-01,3,156,156,100.0
2023-04-01,4,149,156,95.51
2023-04-01,5,144,156,92.31
2023-04-01,6,139,156,89.1
2023-04-01,7,137,156,87.82
2023-04-01,8,137,156,87.82
2023-04-01,9,131,156,83.97
2023-04-01,10,126,156,80.77
2023-04-01,11,122,156,78.21
2023-04-01,12,118,156,75.64
2023-04-01,13,115,156,73.72
2023-04-01,14,115,156,73.72
2023-04-01,15,114,156,73.08
2023-04-01,16,114,156,73.08
2023-04-01,17,113,156,72.44
2023-04-01,18,111,156,71.15
2023-04-01,19,111,156,71.15
2023-04-01,20,111,156,71.15
2023-04-01,21,110,156,70.51
2023-04-01,22,110,156,70.51
2023-04-01,23,110,156,70.51
2023-04-01,24,110,156,70.51
2023-04-01,25,110,156,70.51
2023-04-01,26,109,156,69.87
2023-04-01,27,108,156,69.23
2023-04-01,28,107,156,68.59
2023-04-01,29,107,156,68.59
2023-04-01,30,107,156,68.59
2023-04-01,31,107,156,68.59
2023-04-01,32,107,156,68.59
2023-04-01,33,107,156,68.59
2023-04-01,34,107,156,68.59
2023-05-01,0,167,167,100.0
2023-05-01,1,167,167,100.0
2023-05-01,2,167,167,100.0
2023-05-01,3,166,167,99.4
2023-05-01,4,162,167,97.01
2023-05-01,5,160,167,95.81
2023-05-01,6,157,167,94.01
2023-05-01,7,151,167,90.42
2023-05-01,8,145,167,86.83
2023-05-01,9,141,167,84.43
2023-05-01,10,139,167,83.23
2023-05-01,11,136,167,81.44
2023-05-01,12,133,167,79.64
2023-05-01,13,133,167,79.64
2023-05-01,14,131,167,78.44
2023-05-01,15,129,167,77.25
2023-05-01,16,126,167,75.45
2023-05-01,17,126,167,75.45
2023-05-01,18,125,167,74.85
2023-05-01,19,125,167,74.85
2023-05-01,20,125,167,74.85
2023-05-01,21,125,167,74.85
2023-05-01,22,125,167,74.85
2023-05-01,23,125,167,74.85
2023-05-01,24,125,167,74.85
2023-05-01,25,124,167,74.25
2023-05-01,26,124,167,74.25
2023-05-01,27,124,167,74.25
2023-05-01,28,124,167,74.25
2023-05-01,29,124,167,74.25
2023-05-01,30,124,167,74.25
2023-05-01,31,123,167,73.65
2023-05-01,32,123,167,73.65
2023-05-01,33,123,167,73.65
2023-06-01,0,137,137,100.0
2023-06-01,1,137,137,100.0
2023-06-01,2,137,137,100.0
2023-06-01,3,136,137,99.27
2023-06-01,4,133,137,97.08
2023-06-01,5,130,137,94.89
2023-06-01,6,125,137,91.24
2023-06-01,7,117,137,85.4
2023-06-01,8,112,137,81.75
2023-06-01,9,109,137,79.56
2023-06-01,10,107,137,78.1
2023-06-01,11,106,137,77.37
2023-06-01,12,103,137,75.18
2023-06-01,13,102,137,74.45
2023-06-01,14,99,137,72.26
2023-06-01,15,97,137,70.8
2023-06-01,16,97,137,70.8
2023-06-01,17,97,137,70.8
2023-06-01,18,95,137,69.34
2023-06-01,19,94,137,68.61
2023-06-01,20,94,137,68.61
2023-06-01,21,94,137,68.61
2023-06-01,22,93,137,67.88
2023-06-01,23,92,137,67.15
2023-06-01,24,92,137,67.15
2023-06-01,25,90,137,65.69
2023-06-01,26,90,137,65.69
2023-06-01,27,89,137,64.96
2023-06-01,28,89,137,64.96
2023-06-01,29,89,137,64.96
2023-06-01,30,89,137,64.96
2023-06-01,31,89,137,64.96
2023-06-01,32,89,137,64.96
2023-07-01,0,131,131,100.0
2023-07-01,1,131,131,100.0
2023-07-01,2,131,131,100.0
2023-07-01,3,129,131,98.47
2023-07-01,4,127,131,96.95
2023-07-01,5,124,131,94.66
2023-07-01,6,121,131,92.37
2023-07-01,7,118,131,90.08
2023-07-01,8,113,131,86.26
2023-07-01,9,106,131,80.92
2023-07-01,10,104,131,79.39
2023-07-01,11,104,131,79.39
2023-07-01,12,104,131,79.39
2023-07-01,13,103,131,78.63
2023-07-01,14,103,131,78.63
2023-07-01,15,101,131,77.1
2023-07-01,16,100,131,76.34
2023-07-01,17,99,131,75.57
2023-07-01,18,97,131,74.05
2023-07-01,19,97,131,74.05
2023-07-01,20,96,131,73.28
2023-07-01,21,96,131,73.28
2023-07-01,22,94,131,71.76
2023-07-01,23,94,131,71.76
2023-07-01,24,93,131,70.99
2023-07-01,25,93,131,70.99
2023-07-01,26,92,131,70.23
2023-07-01,27,91,131,69.47
2023-07-01,28,91,131,69.47
2023-07-01,29,91,131,69.47
2023-07-01,30,91,131,69.47
2023-07-01,31,91,131,69.47
2023-08-01,0,127,127,100.0
2023-08-01,1,127,127,100.0
2023-08-01,2,127,127,100.0
2023-08-01,3,126,127,99.21
2023-08-01,4,121,127,95.28
2023-08-01,5,120,127,94.49
2023-08-01,6,113,127,88.98
2023-08-01,7,112,127,88.19
2023-08-01,8,110,127,86.61
2023-08-01,9,109,127,85.83
2023-08-01,10,106,127,83.46
2023-08-01,11,105,127,82.68
2023-08-01,12,105,127,82.68
2023-08-01,13,103,127,81.1
2023-08-01,14,102,127,80.31
2023-08-01,15,101,127,79.53
2023-08-01,16,101,127,79.53
2023-08-01,17,100,127,78.74
2023-08-01,18,100,127,78.74
2023-08-01,19,100,127,78.74
2023-08-01,20,99,127,77.95
2023-08-01,21,98,127,77.17
2023-08-01,22,98,127,77.17
2023-08-01,23,97,127,76.38
2023-08-01,24,97,127,76.38
2023-08-01,25,97,127,76.38
2023-08-01,26,97,127,76.38
2023-08-01,27,97,127,76.38
2023-08-01,28,97,127,76.38
2023-08-01,29,97,127,76.38
2023-08-01,30,97,127,76.38
2023-09-01,0,149,149,100.0
2023-09-01,1,149,149,100.0
2023-09-01,2,149,149,100.0
2023-09-01,3,146,149,97.99
2023-09-01,4,144,149,96.64
2023-09-01,5,140,149,93.96
2023-09-01,6,136,149,91.28
2023-09-01,7,132,149,88.59
2023-09-01,8,130,149,87.25
2023-09-01,9,127,149,85.23
2023-09-01,10,123,149,82.55
2023-09-01,11,120,149,80.54
2023-09-01,12,119,149,79.87
2023-09-01,13,117,149,78.52
2023-09-01,14,116,149,77.85
2023-09-01,15,113,149,75.84
2023-09-01,16,110,149,73.83
2023-09-01,17,109,149,73.15
2023-09-01,18,108,149,72.48
2023-09-01,19,108,149,72.48
2023-09-01,20,106,149,71.14
2023-09-01,21,106,149,71.14
2023-09-01,22,106,149,71.14
2023-09-01,23,105,149,70.47
2023-09-01,24,105,149,70.47
2023-09-01,25,105,149,70.47
2023-09-01,26,105,149,70.47
2023-09-01,27,105,149,70.47
2023-09-01,28,105,149,70.47
2023-09-01,29,105,149,70.47
2023-10-01,0,131,131,100.0
2023-10-01,1,131,131,100.0
2023-10-01,2,130,131,99.24
2023-10-01,3,130,131,99.24
2023-10-01,4,128,131,97.71
2023-10-01,5,123,131,93.89
2023-10-01,6,118,131,90.08
2023-10-01,7,113,131,86.26
2023-10-01,8,107,131,81.68
2023-10-01,9,103,131,78.63
2023-10-01,10,102,131,77.86
2023-10-01,11,100,131,76.34
2023-10-01,12,98,131,74.81
2023-10-01,13,97,131,74.05
2023-10-01,14,93,131,70.99
2023-10-01,15,92,131,70.23
2023-10-01,16,91,131,69.47
2023-10-01,17,90,131,68.7
2023-10-01,18,89,131,67.94
2023-10-01,19,89,131,67.94
2023-10-01,20,87,131,66.41
2023-10-01,21,87,131,66.41
2023-10-01,22,86,131,65.65
2023-10-01,23,86,131,65.65
2023-10-01,24,86,131,65.65
2023-10-01,25,86,131,65.65
2023-10-01,26,85,131,64.89
2023-10-01,27,85,131,64.89
2023-10-01,28,85,131,64.89
2023-11-01,0,132,132,100.0
2023-11-01,1,132,132,100.0
2023-11-01,2,132,132,100.0
2023-11-01,3,130,132,98.48
2023-11-01,4,127,132,96.21
2023-11-01,5,123,132,93.18
2023-11-01,6,123,132,93.18
2023-11-01,7,119,132,90.15
2023-11-01,8,117,132,88.64
2023-11-01,9,117,132,88.64
2023-11-01,10,115,132,87.12
2023-11-01,11,114,132,86.36
2023-11-01,12,110,132,83.33
2023-11-01,13,107,132,81.06
2023-11-01,14,107,132,81.06
2023-11-01,15,106,132,80.3
2023-11-01,16,105,132,79.55
2023-11-01,17,101,132,76.52
2023-11-01,18,101,132,76.52
2023-11-01,19,101,132,76.52
2023-11-01,20,101,132,76.52
2023-11-01,21,100,132,75.76
2023-11-01,22,100,132,75.76
2023-11-01,23,100,132,75.76
2023-11-01,24,100,132,75.76
2023-11-01,25,100,132,75.76
2023-11-01,26,100,132,75.76
2023-11-01,27,100,132,75.76
2023-12-01,0,132,132,100.0
2023-12-01,1,132,132,100.0
2023-12-01,2,132,132,100.0
2023-12-01,3,130,132,98.48
2023-12-01,4,127,132,96.21
2023-12-01,5,124,132,93.94
2023-12-01,6,121,132,91.67
2023-12-01,7,119,132,90.15
2023-12-01,8,117,132,88.64
2023-12-01,9,116,132,87.88
2023-12-01,10,114,132,86.36
2023-12-01,11,111,132,84.09
2023-12-01,12,110,132,83.33
2023-12-01,13,109,132,82.58
2023-12-01,14,109,132,82.58
2023-12-01,15,108,132,81.82
2023-12-01,16,107,132,81.06
2023-12-01,17,107,132,81.06
2023-12-01,18,107,132,81.06
2023-12-01,19,106,132,80.3
2023-12-01,20,106,132,80.3
2023-12-01,21,106,132,80.3
2023-12-01,22,106,132,80.3
2023-12-01,23,105,132,79.55
2023-12-01,24,104,132,78.79
2023-12-01,25,104,132,78.79
2023-12-01,26,104,132,78.79
